question,answer
Como faço para executar um Deadlift?,"Fique com os pés afastados na largura do quadril, dobre os quadris e joelhos para abaixar e levantar a barra.. Este exercício é considerado de nível Intermediário, e requer Barra"
Como faço para fazer um Deadlift?,"Fique com os pés afastados na largura do quadril, dobre os quadris e joelhos para abaixar e levantar a barra.. Este exercício é considerado de nível Intermediário, e requer Barra"
Você pode explicar como fazer um Deadlift?,"Três alternativas para Deadlift são Deadlift Romeno, Deadlift com Barra Hexagonal."
Qual é a forma correta para Deadlift?,"Fique com os pés afastados na largura do quadril, dobre os quadris e joelhos para abaixar e levantar a barra.. Este exercício é considerado de nível Intermediário, e requer Barra"
Quais músculos o Deadlift trabalha?,"Músculo principal: Costas, músculos secundários: Glúteos, Isquiotibiais ( localizado na posterior de coxa )."
Quais músculos são trabalhados por um Deadlift?,"Músculo principal: Costas, músculos secundários: Glúteos, Isquiotibiais ( localizado na posterior de coxa )."
Quais são algumas alternativas para Deadlift?,"Três alternativas para Deadlift são Deadlift Romeno, Deadlift com Barra Hexagonal."
Alternativas para Deadlift,"Três alternativas para Deadlift são Deadlift Romeno, Deadlift com Barra Hexagonal."
Alternativas para substituir Deadlift,"Três alternativas para Deadlift são Deadlift Romeno, Deadlift com Barra Hexagonal."
Como faço para executar um Barra Fixa?,"Pendure-se em uma barra, puxe o corpo até que o queixo fique acima da barra, depois desça.. Este exercício é considerado de nível Intermediário, e requer Barra de Pull-Up"
Como faço para fazer um Barra Fixa?,"Pendure-se em uma barra, puxe o corpo até que o queixo fique acima da barra, depois desça.. Este exercício é considerado de nível Intermediário, e requer Barra de Pull-Up"
Você pode explicar como fazer um Barra Fixa?,"Três alternativas para Barra Fixa são Chin-Up, Puxada na Barra."
Qual é a forma correta para Barra Fixa?,"Pendure-se em uma barra, puxe o corpo até que o queixo fique acima da barra, depois desça.. Este exercício é considerado de nível Intermediário, e requer Barra de Pull-Up"
Quais músculos o Barra Fixa trabalha?,"Músculo principal: Costas, músculos secundários: Bíceps, Ombros."
Quais músculos são trabalhados por um Barra Fixa?,"Músculo principal: Costas, músculos secundários: Bíceps, Ombros."
Quais são algumas alternativas para Barra Fixa?,"Três alternativas para Barra Fixa são Chin-Up, Puxada na Barra."
Alternativas para Barra Fixa,"Três alternativas para Barra Fixa são Chin-Up, Puxada na Barra."
Alternativas para substituir Barra Fixa,"Três alternativas para Barra Fixa são Chin-Up, Puxada na Barra."
Como faço para executar um Remada Inclinada?,"Dobre os quadris, mantenha as costas retas, puxe o peso em direção ao tronco e depois abaixe novamente.. Este exercício é considerado de nível Intermediário, e requer Barra, Halteres"
Como faço para fazer um Remada Inclinada?,"Dobre os quadris, mantenha as costas retas, puxe o peso em direção ao tronco e depois abaixe novamente.. Este exercício é considerado de nível Intermediário, e requer Barra, Halteres"
Você pode explicar como fazer um Remada Inclinada?,"Três alternativas para Remada Inclinada são Remada em T, Remada Serrote Unilateral."
Qual é a forma correta para Remada Inclinada?,"Dobre os quadris, mantenha as costas retas, puxe o peso em direção ao tronco e depois abaixe novamente.. Este exercício é considerado de nível Intermediário, e requer Barra, Halteres"
Quais músculos o Remada Inclinada trabalha?,"Músculo principal: Costas, músculos secundários: Bíceps, Ombros."
Quais músculos são trabalhados por um Remada Inclinada?,"Músculo principal: Costas, músculos secundários: Bíceps, Ombros."
Quais são algumas alternativas para Remada Inclinada?,"Três alternativas para Remada Inclinada são Remada em T, Remada Serrote Unilateral."
Alternativas para Remada Inclinada,"Três alternativas para Remada Inclinada são Remada em T, Remada Serrote Unilateral."
Alternativas para substituir Remada Inclinada,"Três alternativas para Remada Inclinada são Remada em T, Remada Serrote Unilateral."
Como faço para executar um Puxada Alta?,"Puxe a barra até o peito e depois solte lentamente.. Este exercício é considerado de nível Intermediário, e requer Máquina de Puxada na Barra"
Como faço para fazer um Puxada Alta?,"Puxe a barra até o peito e depois solte lentamente.. Este exercício é considerado de nível Intermediário, e requer Máquina de Puxada na Barra"
Você pode explicar como fazer um Puxada Alta?,"Três alternativas para Puxada Alta são Barra Fixa, Remada Sentada."
Qual é a forma correta para Puxada Alta?,"Puxe a barra até o peito e depois solte lentamente.. Este exercício é considerado de nível Intermediário, e requer Máquina de Puxada na Barra"
Quais músculos o Puxada Alta trabalha?,"Músculo principal: Costas, músculos secundários: Bíceps, Ombros."
Quais músculos são trabalhados por um Puxada Alta?,"Músculo principal: Costas, músculos secundários: Bíceps, Ombros."
Quais são algumas alternativas para Puxada Alta?,"Três alternativas para Puxada Alta são Barra Fixa, Remada Sentada."
Alternativas para Puxada Alta,"Três alternativas para Puxada Alta são Barra Fixa, Remada Sentada."
Alternativas para substituir Puxada Alta,"Três alternativas para Puxada Alta são Barra Fixa, Remada Sentada."
Como faço para executar um Remada Sentada?,"Puxe as alças em direção ao tronco e depois solte novamente.. Este exercício é considerado de nível Intermediário, e requer Máquina de Remo"
Como faço para fazer um Remada Sentada?,"Puxe as alças em direção ao tronco e depois solte novamente.. Este exercício é considerado de nível Intermediário, e requer Máquina de Remo"
Você pode explicar como fazer um Remada Sentada?,"Três alternativas para Remada Sentada são Remada Curvada, Remada em T."
Qual é a forma correta para Remada Sentada?,"Puxe as alças em direção ao tronco e depois solte novamente.. Este exercício é considerado de nível Intermediário, e requer Máquina de Remo"
Quais músculos o Remada Sentada trabalha?,"Músculo principal: Costas, músculos secundários: Bíceps, Ombros."
Quais músculos são trabalhados por um Remada Sentada?,"Músculo principal: Costas, músculos secundários: Bíceps, Ombros."
Quais são algumas alternativas para Remada Sentada?,"Três alternativas para Remada Sentada são Remada Curvada, Remada em T."
Alternativas para Remada Sentada,"Três alternativas para Remada Sentada são Remada Curvada, Remada em T."
Alternativas para substituir Remada Sentada,"Três alternativas para Remada Sentada são Remada Curvada, Remada em T."
Como faço para executar um Rosca Direta?,"Levante os pesos em direção aos ombros e depois abaixe novamente.. Este exercício é considerado de nível Iniciante, e requer Halteres, Barra"
Como faço para fazer um Rosca Direta?,"Levante os pesos em direção aos ombros e depois abaixe novamente.. Este exercício é considerado de nível Iniciante, e requer Halteres, Barra"
Você pode explicar como fazer um Rosca Direta?,"Três alternativas para Rosca Direta são Biceps martelo, Biceps na corda (utlizar maquina de cabos)."
Qual é a forma correta para Rosca Direta?,"Levante os pesos em direção aos ombros e depois abaixe novamente.. Este exercício é considerado de nível Iniciante, e requer Halteres, Barra"
Quais músculos o Rosca Direta trabalha?,"Músculo principal: Bíceps, músculos secundários: Antebraços."
Quais músculos são trabalhados por um Rosca Direta?,"Músculo principal: Bíceps, músculos secundários: Antebraços."
Quais são algumas alternativas para Rosca Direta?,"Três alternativas para Rosca Direta são Biceps martelo, Biceps na corda (utlizar maquina de cabos)."
Alternativas para Rosca Direta,"Três alternativas para Rosca Direta são Biceps martelo, Biceps na corda (utlizar maquina de cabos)."
Alternativas para substituir Rosca Direta,"Três alternativas para Rosca Direta são Biceps martelo, Biceps na corda (utlizar maquina de cabos)."
Como faço para executar um Biceps Martelo?,"Levante os pesos em direção aos ombros com as palmas voltadas para dentro e depois abaixe novamente.. Este exercício é considerado de nível Iniciante, e requer Halteres"
Como faço para fazer um Biceps Martelo?,"Levante os pesos em direção aos ombros com as palmas voltadas para dentro e depois abaixe novamente.. Este exercício é considerado de nível Iniciante, e requer Halteres"
Você pode explicar como fazer um Biceps Martelo?,"Três alternativas para Biceps Martelo são Biceps martelo, Biceps na corda (utlizar maquina de cabos)."
Qual é a forma correta para Biceps Martelo?,"Levante os pesos em direção aos ombros com as palmas voltadas para dentro e depois abaixe novamente.. Este exercício é considerado de nível Iniciante, e requer Halteres"
Quais músculos o Biceps Martelo trabalha?,"Músculo principal: Bíceps, músculos secundários: Antebraços."
Quais músculos são trabalhados por um Biceps Martelo?,"Músculo principal: Bíceps, músculos secundários: Antebraços."
Quais são algumas alternativas para Biceps Martelo?,"Três alternativas para Biceps Martelo são Biceps martelo, Biceps na corda (utlizar maquina de cabos)."
Alternativas para Biceps Martelo,"Três alternativas para Biceps Martelo são Biceps martelo, Biceps na corda (utlizar maquina de cabos)."
Alternativas para substituir Biceps Martelo,"Três alternativas para Biceps Martelo são Biceps martelo, Biceps na corda (utlizar maquina de cabos)."
Como faço para executar um Calf Raise?,"Levante os calcanhares do chão e depois abaixe novamente.. Este exercício é considerado de nível Iniciante, e requer Peso Corporal, Halteres"
Como faço para fazer um Calf Raise?,"Levante os calcanhares do chão e depois abaixe novamente.. Este exercício é considerado de nível Iniciante, e requer Peso Corporal, Halteres"
Você pode explicar como fazer um Calf Raise?,"Três alternativas para Calf Raise são Calf Raise Sentado, Calf Raise com Peso."
Qual é a forma correta para Calf Raise?,"Levante os calcanhares do chão e depois abaixe novamente.. Este exercício é considerado de nível Iniciante, e requer Peso Corporal, Halteres"
Quais músculos o Calf Raise trabalha?,"Músculo principal: Panturrilhas, músculos secundários: Nenhum."
Quais músculos são trabalhados por um Calf Raise?,"Músculo principal: Panturrilhas, músculos secundários: Nenhum."
Quais são algumas alternativas para Calf Raise?,"Três alternativas para Calf Raise são Calf Raise Sentado, Calf Raise com Peso."
Alternativas para Calf Raise,"Três alternativas para Calf Raise são Calf Raise Sentado, Calf Raise com Peso."
Alternativas para substituir Calf Raise,"Três alternativas para Calf Raise são Calf Raise Sentado, Calf Raise com Peso."
Como faço para executar um Push-Up?,"Comece na posição de prancha, abaixe o corpo até que o peito quase toque o chão e depois levante novamente.. Este exercício é considerado de nível Iniciante, e requer Peso Corporal"
Como faço para fazer um Push-Up?,"Comece na posição de prancha, abaixe o corpo até que o peito quase toque o chão e depois levante novamente.. Este exercício é considerado de nível Iniciante, e requer Peso Corporal"
Você pode explicar como fazer um Push-Up?,"Três alternativas para Push-Up são Push-Up Inclinado, Push-Up Declinado."
Qual é a forma correta para Push-Up?,"Comece na posição de prancha, abaixe o corpo até que o peito quase toque o chão e depois levante novamente.. Este exercício é considerado de nível Iniciante, e requer Peso Corporal"
Quais músculos o Push-Up trabalha?,"Músculo principal: Peito, músculos secundários: Tríceps, Ombros."
Quais músculos são trabalhados por um Push-Up?,"Músculo principal: Peito, músculos secundários: Tríceps, Ombros."
Quais são algumas alternativas para Push-Up?,"Três alternativas para Push-Up são Push-Up Inclinado, Push-Up Declinado."
Alternativas para Push-Up,"Três alternativas para Push-Up são Push-Up Inclinado, Push-Up Declinado."
Alternativas para substituir Push-Up,"Três alternativas para Push-Up são Push-Up Inclinado, Push-Up Declinado."
Como faço para executar um Supino Reto?,"Deite-se em um banco, abaixe a barra até o peito e depois levante novamente.. Este exercício é considerado de nível Intermediário, e requer Barra"
Como faço para fazer um Supino Reto?,"Deite-se em um banco, abaixe a barra até o peito e depois levante novamente.. Este exercício é considerado de nível Intermediário, e requer Barra"
Você pode explicar como fazer um Supino Reto?,"Três alternativas para Supino Reto são Press com Halteres, Bench Press Inclinado."
Qual é a forma correta para Supino Reto?,"Deite-se em um banco, abaixe a barra até o peito e depois levante novamente.. Este exercício é considerado de nível Intermediário, e requer Barra"
Quais músculos o Supino Reto trabalha?,"Músculo principal: Peito, músculos secundários: Tríceps, Ombros."
Quais músculos são trabalhados por um Supino Reto?,"Músculo principal: Peito, músculos secundários: Tríceps, Ombros."
Quais são algumas alternativas para Supino Reto?,"Três alternativas para Supino Reto são Press com Halteres, Bench Press Inclinado."
Alternativas para Supino Reto,"Três alternativas para Supino Reto são Press com Halteres, Bench Press Inclinado."
Alternativas para substituir Supino Reto,"Três alternativas para Supino Reto são Press com Halteres, Bench Press Inclinado."
Como faço para executar um Chest Fly?,"Deite-se em um banco, abra os braços e depois traga-os de volta juntos.. Este exercício é considerado de nível Intermediário, e requer Halteres, Máquina de Cabos"
Como faço para fazer um Chest Fly?,"Deite-se em um banco, abra os braços e depois traga-os de volta juntos.. Este exercício é considerado de nível Intermediário, e requer Halteres, Máquina de Cabos"
Você pode explicar como fazer um Chest Fly?,"Três alternativas para Chest Fly são Pec Deck Fly, Crossover no cabo."
Qual é a forma correta para Chest Fly?,"Deite-se em um banco, abra os braços e depois traga-os de volta juntos.. Este exercício é considerado de nível Intermediário, e requer Halteres, Máquina de Cabos"
Quais músculos o Chest Fly trabalha?,"Músculo principal: Peito, músculos secundários: Ombros."
Quais músculos são trabalhados por um Chest Fly?,"Músculo principal: Peito, músculos secundários: Ombros."
Quais são algumas alternativas para Chest Fly?,"Três alternativas para Chest Fly são Pec Deck Fly, Crossover no cabo."
Alternativas para Chest Fly,"Três alternativas para Chest Fly são Pec Deck Fly, Crossover no cabo."
Alternativas para substituir Chest Fly,"Três alternativas para Chest Fly são Pec Deck Fly, Crossover no cabo."
Como faço para executar um Supino Reto Halter?,"Pressione os pesos acima da cabeça a partir da altura dos ombros e depois abaixe novamente.. Este exercício é considerado de nível Intermediário, e requer Halteres"
Como faço para fazer um Supino Reto Halter?,"Pressione os pesos acima da cabeça a partir da altura dos ombros e depois abaixe novamente.. Este exercício é considerado de nível Intermediário, e requer Halteres"
Você pode explicar como fazer um Supino Reto Halter?,"Três alternativas para Supino Reto Halter são Supino Reto, Supino inclinado."
Qual é a forma correta para Supino Reto Halter?,"Pressione os pesos acima da cabeça a partir da altura dos ombros e depois abaixe novamente.. Este exercício é considerado de nível Intermediário, e requer Halteres"
Quais músculos o Supino Reto Halter trabalha?,"Músculo principal: Peito, músculos secundários: Tríceps, Ombros."
Quais músculos são trabalhados por um Supino Reto Halter?,"Músculo principal: Peito, músculos secundários: Tríceps, Ombros."
Quais são algumas alternativas para Supino Reto Halter?,"Três alternativas para Supino Reto Halter são Supino Reto, Supino inclinado."
Alternativas para Supino Reto Halter,"Três alternativas para Supino Reto Halter são Supino Reto, Supino inclinado."
Alternativas para substituir Supino Reto Halter,"Três alternativas para Supino Reto Halter são Supino Reto, Supino inclinado."
Como faço para executar um Crossover?,"Puxe as alças juntas em frente ao peito e depois solte novamente.. Este exercício é considerado de nível Intermediário, e requer Máquina de Cabos"
Como faço para fazer um Crossover?,"Puxe as alças juntas em frente ao peito e depois solte novamente.. Este exercício é considerado de nível Intermediário, e requer Máquina de Cabos"
Você pode explicar como fazer um Crossover?,"Três alternativas para Crossover no cabo são Chest Fly, Pec Deck Fly."
Qual é a forma correta para Crossover?,"Puxe as alças juntas em frente ao peito e depois solte novamente.. Este exercício é considerado de nível Intermediário, e requer Máquina de Cabos"
Quais músculos o Crossover no cabo trabalha?,"Músculo principal: Peito, músculos secundários: Ombros."
Quais músculos são trabalhados por um Crossover?,"Músculo principal: Peito, músculos secundários: Ombros."
Quais são algumas alternativas para Crossover?,"Três alternativas para Crossover no cabo são Chest Fly, Pec Deck Fly."
Alternativas para Crossover no cabo,"Três alternativas para Crossover no cabo são Chest Fly, Pec Deck Fly."
Alternativas para substituir Crossover no cabo,"Três alternativas para Crossover no cabo são Chest Fly, Pec Deck Fly."
Como faço para executar um Supino inclinado?,"Pressione o peso acima da cabeça enquanto deitado em um banco inclinado.. Este exercício é considerado de nível Intermediário, e requer Barra, Halteres"
Como faço para fazer um Supino inclinado?,"Pressione o peso acima da cabeça enquanto deitado em um banco inclinado.. Este exercício é considerado de nível Intermediário, e requer Barra, Halteres"
Você pode explicar como fazer um Supino inclinado?,"Três alternativas para Supino inclinado são Supino Reto, Supino Reto Halter."
Qual é a forma correta para Supino inclinado?,"Pressione o peso acima da cabeça enquanto deitado em um banco inclinado.. Este exercício é considerado de nível Intermediário, e requer Barra, Halteres"
Quais músculos o Supino inclinado trabalha?,"Músculo principal: Peito, músculos secundários: Tríceps, Ombros."
Quais músculos são trabalhados por um Supino inclinado?,"Músculo principal: Peito, músculos secundários: Tríceps, Ombros."
Quais são algumas alternativas para Supino inclinado?,"Três alternativas para Supino inclinado são Supino Reto, Supino Reto Halter."
Alternativas para Supino inclinado,"Três alternativas para Supino inclinado são Supino Reto, Supino Reto Halter."
Alternativas para substituir Supino inclinado,"Três alternativas para Supino inclinado são Supino Reto, Supino Reto Halter."
Como faço para executar um Dumbbell Pullover?,"Deite-se em um banco, abaixe o halter atrás da cabeça e depois traga-o de volta sobre o peito.. Este exercício é considerado de nível Intermediário, e requer Halteres"
Como faço para fazer um Dumbbell Pullover?,"Deite-se em um banco, abaixe o halter atrás da cabeça e depois traga-o de volta sobre o peito.. Este exercício é considerado de nível Intermediário, e requer Halteres"
Você pode explicar como fazer um Dumbbell Pullover?,"Três alternativas para Dumbbell Pullover são Straight Arm Pulldown, Cable Pullover."
Qual é a forma correta para Dumbbell Pullover?,"Deite-se em um banco, abaixe o halter atrás da cabeça e depois traga-o de volta sobre o peito.. Este exercício é considerado de nível Intermediário, e requer Halteres"
Quais músculos o Dumbbell Pullover trabalha?,"Músculo principal: Peito, músculos secundários: Latíssimos, Tríceps."
Quais músculos são trabalhados por um Dumbbell Pullover?,"Músculo principal: Peito, músculos secundários: Latíssimos, Tríceps."
Quais são algumas alternativas para Dumbbell Pullover?,"Três alternativas para Dumbbell Pullover são Straight Arm Pulldown, Cable Pullover."
Alternativas para Dumbbell Pullover,"Três alternativas para Dumbbell Pullover são Straight Arm Pulldown, Cable Pullover."
Alternativas para substituir Dumbbell Pullover,"Três alternativas para Dumbbell Pullover são Straight Arm Pulldown, Cable Pullover."
Como faço para executar um Chest Press?,"Pressione as alças para longe do peito e depois solte novamente.. Este exercício é considerado de nível Intermediário, e requer Máquina"
Como faço para fazer um Chest Press?,"Pressione as alças para longe do peito e depois solte novamente.. Este exercício é considerado de nível Intermediário, e requer Máquina"
Você pode explicar como fazer um Chest Press?,"Três alternativas para Chest Press são Supino Reto, Supino Reto Halter."
Qual é a forma correta para Chest Press?,"Pressione as alças para longe do peito e depois solte novamente.. Este exercício é considerado de nível Intermediário, e requer Máquina"
Quais músculos o Chest Press trabalha?,"Músculo principal: Peito, músculos secundários: Tríceps, Ombros."
Quais músculos são trabalhados por um Chest Press?,"Músculo principal: Peito, músculos secundários: Tríceps, Ombros."
Quais são algumas alternativas para Chest Press?,"Três alternativas para Chest Press são Supino Reto, Supino Reto Halter."
Alternativas para Chest Press,"Três alternativas para Chest Press são Supino Reto, Supino Reto Halter."
Alternativas para substituir Chest Press,"Três alternativas para Chest Press são Supino Reto, Supino Reto Halter."
Como faço para executar um Pec Deck Fly?,"Abra os braços e depois traga-os de volta juntos em frente ao peito.. Este exercício é considerado de nível Intermediário, e requer Máquina Pec Deck"
Como faço para fazer um Pec Deck Fly?,"Abra os braços e depois traga-os de volta juntos em frente ao peito.. Este exercício é considerado de nível Intermediário, e requer Máquina Pec Deck"
Você pode explicar como fazer um Pec Deck Fly?,"Três alternativas para Pec Deck Fly são Chest Fly, Crossover no cabo."
Qual é a forma correta para Pec Deck Fly?,"Abra os braços e depois traga-os de volta juntos em frente ao peito.. Este exercício é considerado de nível Intermediário, e requer Máquina Pec Deck"
Quais músculos o Pec Deck Fly trabalha?,"Músculo principal: Peito, músculos secundários: Ombros."
Quais músculos são trabalhados por um Pec Deck Fly?,"Músculo principal: Peito, músculos secundários: Ombros."
Quais são algumas alternativas para Pec Deck Fly?,"Três alternativas para Pec Deck Fly são Chest Fly, Cable Crossover."
Alternativas para Pec Deck Fly,"Três alternativas para Pec Deck Fly são Chest Fly, Cable Crossover."
Alternativas para substituir Pec Deck Fly,"Três alternativas para Pec Deck Fly são Chest Fly, Crossover no cabo."
Como faço para executar um prancha?,"Mantenha a posição de prancha com o corpo em linha reta da cabeça aos calcanhares.. Este exercício é considerado de nível Iniciante, e requer Peso Corporal"
Como faço para fazer um prancha?,"Mantenha a posição de prancha com o corpo em linha reta da cabeça aos calcanhares.. Este exercício é considerado de nível Iniciante, e requer Peso Corporal"
Você pode explicar como fazer um prancha?,"Três alternativas para prancha são Prancha lateral, Mountain Climbers."
Qual é a forma correta para prancha?,"Mantenha a posição de prancha com o corpo em linha reta da cabeça aos calcanhares.. Este exercício é considerado de nível Iniciante, e requer Peso Corporal"
Quais músculos o prancha trabalha?,"Músculo principal: Core, músculos secundários: Ombros, Costas."
Quais músculos são trabalhados por um prancha?,"Músculo principal: Core, músculos secundários: Ombros, Costas."
Quais são algumas alternativas para prancha?,"Três alternativas para prancha são Prancha lateral, Mountain Climbers."
Alternativas para prancha,"Três alternativas para prancha são Prancha lateral, Mountain Climbers."
Alternativas para substituir prancha,"Três alternativas para prancha são Prancha lateral, Mountain Climbers."
Como faço para executar um Russian Twist?,"Sente-se com os pés fora do chão, torça o tronco de um lado para o outro.. Este exercício é considerado de nível Intermediário, e requer Peso Corporal, Medicine Ball"
Como faço para fazer um Russian Twist?,"Sente-se com os pés fora do chão, torça o tronco de um lado para o outro.. Este exercício é considerado de nível Intermediário, e requer Peso Corporal, Medicine Ball"
Você pode explicar como fazer um Russian Twist?,"Três alternativas para Russian Twist são Bicycle Crunches, Prancha lateral."
Qual é a forma correta para Russian Twist?,"Sente-se com os pés fora do chão, torça o tronco de um lado para o outro.. Este exercício é considerado de nível Intermediário, e requer Peso Corporal, Medicine Ball"
Quais músculos o Russian Twist trabalha?,"Músculo principal: Core, músculos secundários: Oblíquos."
Quais músculos são trabalhados por um Russian Twist?,"Músculo principal: Core, músculos secundários: Oblíquos."
Quais são algumas alternativas para Russian Twist?,"Três alternativas para Russian Twist são Bicycle Crunches, Prancha lateral."
Alternativas para Russian Twist,"Três alternativas para Russian Twist são Bicycle Crunches, Prancha lateral."
Alternativas para substituir Russian Twist,"Três alternativas para Russian Twist são Bicycle Crunches, Prancha lateral."
Como faço para executar um Elevacao de Pernas (Barra)?,"Levante as pernas em direção ao peito e depois abaixe novamente.. Este exercício é considerado de nível Intermediário, e requer Barra de Pull-Up"
Como faço para fazer um Elevacao de Pernas (Barra)?,"Levante as pernas em direção ao peito e depois abaixe novamente.. Este exercício é considerado de nível Intermediário, e requer Barra de Pull-Up"
Você pode explicar como fazer um Elevacao de Pernas (Barra)?,"Três alternativas para Elevacao de Pernas (Barra) são Elevacao de Joelhos, Elevacao de Quadril."
Qual é a forma correta para Elevacao de Pernas (Barra)?,"Levante as pernas em direção ao peito e depois abaixe novamente.. Este exercício é considerado de nível Intermediário, e requer Barra de Pull-Up"
Quais músculos o Elevacao de Pernas (Barra) trabalha?,"Músculo principal: Core, músculos secundários: Flexores do Quadril."
Quais músculos são trabalhados por um Elevacao de Pernas (Barra)?,"Músculo principal: Core, músculos secundários: Flexores do Quadril."
Quais são algumas alternativas para Elevacao de Pernas (Barra)?,"Três alternativas para Elevacao de Pernas (Barra) são Elevacao de Joelhos, Elevacao de Quadril."
Alternativas para Elevacao de Pernas (Barra),"Três alternativas para Elevacao de Pernas (Barra) são Elevacao de Joelhos, Elevacao de Quadril."
Alternativas para substituir Elevacao de Pernas (Barra),"Três alternativas para Elevacao de Pernas (Barra) são Elevacao de Joelhos, Elevacao de Quadril."
Como faço para executar um Mountain Climbers?,"Alterne trazendo os joelhos para o peito na posição de prancha.. Este exercício é considerado de nível Iniciante, e requer Peso Corporal"
Como faço para fazer um Mountain Climbers?,"Alterne trazendo os joelhos para o peito na posição de prancha.. Este exercício é considerado de nível Iniciante, e requer Peso Corporal"
Você pode explicar como fazer um Mountain Climbers?,"Três alternativas para Mountain Climbers são prancha, Bicycle Crunches."
Qual é a forma correta para Mountain Climbers?,"Alterne trazendo os joelhos para o peito na posição de prancha.. Este exercício é considerado de nível Iniciante, e requer Peso Corporal"
Quais músculos o Mountain Climbers trabalha?,"Músculo principal: Core, músculos secundários: Ombros, Pernas."
Quais músculos são trabalhados por um Mountain Climbers?,"Músculo principal: Core, músculos secundários: Ombros, Pernas."
Quais são algumas alternativas para Mountain Climbers?,"Três alternativas para Mountain Climbers são prancha, Bicycle Crunches."
Alternativas para Mountain Climbers,"Três alternativas para Mountain Climbers são prancha, Bicycle Crunches."
Alternativas para substituir Mountain Climbers,"Três alternativas para Mountain Climbers são prancha, Bicycle Crunches."
Como faço para executar um Elevacao Pelvica?,"Levante os quadris em direção ao teto e depois abaixe novamente.. Este exercício é considerado de nível Intermediário, e requer Barra"
Como faço para fazer um Elevacao Pelvica?,"Levante os quadris em direção ao teto e depois abaixe novamente.. Este exercício é considerado de nível Intermediário, e requer Barra"
Você pode explicar como fazer um Elevacao Pelvica?,"Três alternativas para Elevacao Pelvica são Glute Bridge, Deadlift Romeno."
Qual é a forma correta para Elevacao Pelvica?,"Levante os quadris em direção ao teto e depois abaixe novamente.. Este exercício é considerado de nível Intermediário, e requer Barra"
Quais músculos o Elevacao Pelvica trabalha?,"Músculo principal: Glúteos, músculos secundários: Isquiotibiais ( localizado na posterior de coxa ), Core."
Quais músculos são trabalhados por um Elevacao Pelvica?,"Músculo principal: Glúteos, músculos secundários: Isquiotibiais ( localizado na posterior de coxa ), Core."
Quais são algumas alternativas para Elevacao Pelvica?,"Três alternativas para Elevacao Pelvica são Glute Bridge, Deadlift Romeno."
Alternativas para Elevacao Pelvica,"Três alternativas para Elevacao Pelvica são Glute Bridge, Deadlift Romeno."
Alternativas para substituir Elevacao Pelvica,"Três alternativas para Elevacao Pelvica são Glute Bridge, Deadlift Romeno."
Como faço para executar um Deadlift Romeno?,"Abaixe o peso dobrando os quadris e depois levante novamente.. Este exercício é considerado de nível Intermediário, e requer Barra, Halteres"
Como faço para fazer um Deadlift Romeno?,"Abaixe o peso dobrando os quadris e depois levante novamente.. Este exercício é considerado de nível Intermediário, e requer Barra, Halteres"
Você pode explicar como fazer um Deadlift Romeno?,"Três alternativas para Deadlift Romeno são Deadlift, Good Morning."
Qual é a forma correta para Deadlift Romeno?,"Abaixe o peso dobrando os quadris e depois levante novamente.. Este exercício é considerado de nível Intermediário, e requer Barra, Halteres"
Quais músculos o Deadlift Romeno trabalha?,"Músculo principal: Isquiotibiais ( localizado na posterior de coxa ), músculos secundários: Glúteos, Parte Inferior das Costas."
Quais músculos são trabalhados por um Deadlift Romeno?,"Músculo principal: Isquiotibiais ( localizado na posterior de coxa ), músculos secundários: Glúteos, Parte Inferior das Costas."
Quais são algumas alternativas para Deadlift Romeno?,"Três alternativas para Deadlift Romeno são Deadlift, Good Morning."
Alternativas para Deadlift Romeno,"Três alternativas para Deadlift Romeno são Deadlift, Good Morning."
Alternativas para substituir Deadlift Romeno,"Três alternativas para Deadlift Romeno são Deadlift, Good Morning."
Como faço para executar um Cadeira Flexora?,"Flexione o peso em direção aos glúteos e depois abaixe novamente.. Este exercício é considerado de nível Intermediário, e requer Máquina de Leg Curl"
Como faço para fazer um Cadeira Flexora?,"Flexione o peso em direção aos glúteos e depois abaixe novamente.. Este exercício é considerado de nível Intermediário, e requer Máquina de Leg Curl"
Você pode explicar como fazer um Cadeira Flexora?,"Três alternativas para Cadeira Flexora são Deadlift Romeno, Glute Bridge."
Qual é a forma correta para Cadeira Flexora?,"Flexione o peso em direção aos glúteos e depois abaixe novamente.. Este exercício é considerado de nível Intermediário, e requer Máquina de Leg Curl"
Quais músculos o Cadeira Flexora trabalha?,"Músculo principal: Isquiotibiais ( localizado na posterior de coxa ), músculos secundários: Panturrilhas."
Quais músculos são trabalhados por um Cadeira Flexora?,"Músculo principal: Isquiotibiais ( localizado na posterior de coxa ), músculos secundários: Panturrilhas."
Quais são algumas alternativas para Cadeira Flexora?,"Três alternativas para Cadeira Flexora são Deadlift Romeno, Glute Bridge."
Alternativas para Cadeira Flexora,"Três alternativas para Cadeira Flexora são Deadlift Romeno, Glute Bridge."
Alternativas para substituir Cadeira Flexora,"Três alternativas para Cadeira Flexora são Deadlift Romeno, Glute Bridge."
Como faço para executar um Agachamento?,"Fique com os pés afastados na largura dos ombros, abaixe os quadris para trás e para baixo e depois levante novamente.. Este exercício é considerado de nível Iniciante, e requer Peso Corporal, Barra"
Como faço para fazer um Agachamento?,"Fique com os pés afastados na largura dos ombros, abaixe os quadris para trás e para baixo e depois levante novamente.. Este exercício é considerado de nível Iniciante, e requer Peso Corporal, Barra"
Você pode explicar como fazer um Agachamento?,"Três alternativas para Agachamento são Agachamento Frontal, Agachamento com Halter."
Qual é a forma correta para Agachamento?,"Fique com os pés afastados na largura dos ombros, abaixe os quadris para trás e para baixo e depois levante novamente.. Este exercício é considerado de nível Iniciante, e requer Peso Corporal, Barra"
Quais músculos o Agachamento trabalha?,"Músculo principal: Pernas, músculos secundários: Glúteos, Isquiotibiais ( localizado na posterior de coxa )."
Quais músculos são trabalhados por um Agachamento?,"Músculo principal: Pernas, músculos secundários: Glúteos, Isquiotibiais ( localizado na posterior de coxa )."
Quais são algumas alternativas para Agachamento?,"Três alternativas para Agachamento são Agachamento Frontal, Agachamento com Halter."
Alternativas para Agachamento,"Três alternativas para Agachamento são Agachamento Frontal, Agachamento com Halter."
Alternativas para substituir Agachamento,"Três alternativas para Agachamento são Agachamento Frontal, Agachamento com Halter."
Como faço para executar um Afundo?,"Dê um passo à frente, abaixe os quadris até que ambos os joelhos estejam dobrados em 90 graus e depois volte a ficar de pé.. Este exercício é considerado de nível Iniciante, e requer Peso Corporal, Halteres"
Como faço para fazer um Afundo?,"Dê um passo à frente, abaixe os quadris até que ambos os joelhos estejam dobrados em 90 graus e depois volte a ficar de pé.. Este exercício é considerado de nível Iniciante, e requer Peso Corporal, Halteres"
Você pode explicar como fazer um Afundo?,"Três alternativas para Afundo são Avanco , Agachamento Unilateral Bulgaro."
Qual é a forma correta para Afundo?,"Dê um passo à frente, abaixe os quadris até que ambos os joelhos estejam dobrados em 90 graus e depois volte a ficar de pé.. Este exercício é considerado de nível Iniciante, e requer Peso Corporal, Halteres"
Quais músculos o Afundo trabalha?,"Músculo principal: Pernas, músculos secundários: Glúteos, Isquiotibiais ( localizado na posterior de coxa )."
Quais músculos são trabalhados por um Afundo?,"Músculo principal: Pernas, músculos secundários: Glúteos, Isquiotibiais ( localizado na posterior de coxa )."
Quais são algumas alternativas para Afundo?,"Três alternativas para Afundo são Avanco , Agachamento Unilateral Bulgaro."
Alternativas para Afundo,"Três alternativas para Afundo são Avanco , Agachamento Unilateral Bulgaro."
Alternativas para substituir Afundo,"Três alternativas para Afundo são Avanco , Agachamento Unilateral Bulgaro."
Como faço para executar um Leg Press?,"Empurre a plataforma com as pernas e depois volte lentamente à posição inicial.. Este exercício é considerado de nível Intermediário, e requer Máquina de Leg Press"
Como faço para fazer um Leg Press?,"Empurre a plataforma com as pernas e depois volte lentamente à posição inicial.. Este exercício é considerado de nível Intermediário, e requer Máquina de Leg Press"
Você pode explicar como fazer um Leg Press?,"Três alternativas para Leg Press são Agachamento, Agachamento no Hack."
Qual é a forma correta para Leg Press?,"Empurre a plataforma com as pernas e depois volte lentamente à posição inicial.. Este exercício é considerado de nível Intermediário, e requer Máquina de Leg Press"
Quais músculos o Leg Press trabalha?,"Músculo principal: Pernas, músculos secundários: Glúteos, Isquiotibiais ( localizado na posterior de coxa )."
Quais músculos são trabalhados por um Leg Press?,"Músculo principal: Pernas, músculos secundários: Glúteos, Isquiotibiais ( localizado na posterior de coxa )."
Quais são algumas alternativas para Leg Press?,"Três alternativas para Leg Press são Agachamento, Agachamento no Hack."
Alternativas para Leg Press,"Três alternativas para Leg Press são Agachamento, Agachamento no Hack."
Alternativas para substituir Leg Press,"Três alternativas para Leg Press são Agachamento, Agachamento no Hack."
Como faço para executar um Agachamento Frontal?,"Segure a barra na frente dos ombros, abaixe para agachar e depois levante novamente.. Este exercício é considerado de nível Intermediário, e requer Barra"
Como faço para fazer um Agachamento Frontal?,"Segure a barra na frente dos ombros, abaixe para agachar e depois levante novamente.. Este exercício é considerado de nível Intermediário, e requer Barra"
Você pode explicar como fazer um Agachamento Frontal?,"Três alternativas para Agachamento Frontal são Agachamento, Agachamento com Halter."
Qual é a forma correta para Agachamento Frontal?,"Segure a barra na frente dos ombros, abaixe para agachar e depois levante novamente.. Este exercício é considerado de nível Intermediário, e requer Barra"
Quais músculos o Agachamento Frontal trabalha?,"Músculo principal: Pernas, músculos secundários: Glúteos, Core."
Quais músculos são trabalhados por um Agachamento Frontal?,"Músculo principal: Pernas, músculos secundários: Glúteos, Core."
Quais são algumas alternativas para Agachamento Frontal?,"Três alternativas para Agachamento Frontal são Agachamento, Agachamento com Halter."
Alternativas para Agachamento Frontal,"Três alternativas para Agachamento Frontal são Agachamento, Agachamento com Halter."
Alternativas para substituir Agachamento Frontal,"Três alternativas para Agachamento Frontal são Agachamento, Agachamento com Halter."
Como faço para executar um Agachamento com Halter?,"Segure um halter no peito, abaixe para agachar e depois levante novamente.. Este exercício é considerado de nível Iniciante, e requer Halter"
Como faço para fazer um Agachamento com Halter?,"Segure um halter no peito, abaixe para agachar e depois levante novamente.. Este exercício é considerado de nível Iniciante, e requer Halter"
Você pode explicar como fazer um Agachamento com Halter?,"Três alternativas para Agachamento com Halter são Agachamento, Agachamento Frontal."
Qual é a forma correta para Agachamento com Halter?,"Segure um halter no peito, abaixe para agachar e depois levante novamente.. Este exercício é considerado de nível Iniciante, e requer Halter"
Quais músculos o Agachamento com Halter trabalha?,"Músculo principal: Pernas, músculos secundários: Glúteos, Core."
Quais músculos são trabalhados por um Agachamento com Halter?,"Músculo principal: Pernas, músculos secundários: Glúteos, Core."
Quais são algumas alternativas para Agachamento com Halter?,"Três alternativas para Agachamento com Halter são Agachamento, Agachamento Frontal."
Alternativas para Agachamento com Halter,"Três alternativas para Agachamento com Halter são Agachamento, Agachamento Frontal."
Alternativas para substituir Agachamento com Halter,"Três alternativas para Agachamento com Halter são Agachamento, Agachamento Frontal."
Como faço para executar um Agachamento no Hack?,"Agache-se com as costas apoiadas e depois levante novamente.. Este exercício é considerado de nível Intermediário, e requer Máquina de Hack Squat"
Como faço para fazer um Agachamento no Hack?,"Agache-se com as costas apoiadas e depois levante novamente.. Este exercício é considerado de nível Intermediário, e requer Máquina de Hack Squat"
Você pode explicar como fazer um Agachamento no Hack?,"Três alternativas para Agachamento no Hack são Agachamento, Leg Press."
Qual é a forma correta para Agachamento no Hack?,"Agache-se com as costas apoiadas e depois levante novamente.. Este exercício é considerado de nível Intermediário, e requer Máquina de Hack Squat"
Quais músculos o Agachamento no Hack trabalha?,"Músculo principal: Pernas, músculos secundários: Glúteos, Panturrilhas."
Quais músculos são trabalhados por um Agachamento no Hack?,"Músculo principal: Pernas, músculos secundários: Glúteos, Panturrilhas."
Quais são algumas alternativas para Agachamento no Hack?,"Três alternativas para Agachamento no Hack são Agachamento, Leg Press."
Alternativas para Agachamento no Hack,"Três alternativas para Agachamento no Hack são Agachamento, Leg Press."
Alternativas para substituir Agachamento no Hack,"Três alternativas para Agachamento no Hack são Agachamento, Leg Press."
Como faço para executar um Good Morning?,"Dobre os quadris mantendo as costas retas e depois levante novamente.. Este exercício é considerado de nível Intermediário, e requer Barra"
Como faço para fazer um Good Morning?,"Dobre os quadris mantendo as costas retas e depois levante novamente.. Este exercício é considerado de nível Intermediário, e requer Barra"
Você pode explicar como fazer um Good Morning?,"Três alternativas para Good Morning são Deadlift Romeno, Back Extension."
Qual é a forma correta para Good Morning?,"Dobre os quadris mantendo as costas retas e depois levante novamente.. Este exercício é considerado de nível Intermediário, e requer Barra"
Quais músculos o Good Morning trabalha?,"Músculo principal: Parte Inferior das Costas, músculos secundários: Isquiotibiais ( localizado na posterior de coxa ), Glúteos."
Quais músculos são trabalhados por um Good Morning?,"Músculo principal: Parte Inferior das Costas, músculos secundários: Isquiotibiais ( localizado na posterior de coxa ), Glúteos."
Quais são algumas alternativas para Good Morning?,"Três alternativas para Good Morning são Deadlift Romeno, Back Extension."
Alternativas para Good Morning,"Três alternativas para Good Morning são Deadlift Romeno, Back Extension."
Alternativas para substituir Good Morning,"Três alternativas para Good Morning são Deadlift Romeno, Back Extension."
Como faço para executar um Overhead Press?,"Pressione o peso acima da cabeça a partir da altura dos ombros e depois abaixe novamente.. Este exercício é considerado de nível Intermediário, e requer Barra, Halteres"
Como faço para fazer um Overhead Press?,"Pressione o peso acima da cabeça a partir da altura dos ombros e depois abaixe novamente.. Este exercício é considerado de nível Intermediário, e requer Barra, Halteres"
Você pode explicar como fazer um Overhead Press?,"Três alternativas para Overhead Press são Arnold Press, Dumbbell Shoulder Press."
Qual é a forma correta para Overhead Press?,"Pressione o peso acima da cabeça a partir da altura dos ombros e depois abaixe novamente.. Este exercício é considerado de nível Intermediário, e requer Barra, Halteres"
Quais músculos o Overhead Press trabalha?,"Músculo principal: Ombros, músculos secundários: Tríceps."
Quais músculos são trabalhados por um Overhead Press?,"Músculo principal: Ombros, músculos secundários: Tríceps."
Quais são algumas alternativas para Overhead Press?,"Três alternativas para Overhead Press são Arnold Press, Dumbbell Shoulder Press."
Alternativas para Overhead Press,"Três alternativas para Overhead Press são Arnold Press, Dumbbell Shoulder Press."
Alternativas para substituir Overhead Press,"Três alternativas para Overhead Press são Arnold Press, Dumbbell Shoulder Press."
Como faço para executar um Puxada Alta?,"Levante os pesos até a altura dos ombros e depois abaixe novamente.. Este exercício é considerado de nível Intermediário, e requer Halteres"
Como faço para fazer um Puxada Alta?,"Levante os pesos até a altura dos ombros e depois abaixe novamente.. Este exercício é considerado de nível Intermediário, e requer Halteres"
Você pode explicar como fazer um Puxada Alta?,"Três alternativas para Puxada Alta são Front Raise, Bent Over Lateral Raise."
Qual é a forma correta para Puxada Alta?,"Levante os pesos até a altura dos ombros e depois abaixe novamente.. Este exercício é considerado de nível Intermediário, e requer Halteres"
Quais músculos o Puxada Alta trabalha?,"Músculo principal: Ombros, músculos secundários: Trapezios."
Quais músculos são trabalhados por um Puxada Alta?,"Músculo principal: Ombros, músculos secundários: Trapezios."
Quais são algumas alternativas para Puxada Alta?,"Três alternativas para Puxada Alta são Front Raise, Bent Over Lateral Raise."
Alternativas para Puxada Alta,"Três alternativas para Puxada Alta são Front Raise, Bent Over Lateral Raise."
Alternativas para substituir Puxada Alta,"Três alternativas para Puxada Alta são Front Raise, Bent Over Lateral Raise."
Como faço para executar um Face pull?,"Rear Delt Fly, Band Pull Apart. Este exercício é considerado de nível Intermediário, e requer Puxe as alças em direção ao rosto e depois solte novamente."
Como faço para fazer um Face pull?,"Rear Delt Fly, Band Pull Apart. Este exercício é considerado de nível Intermediário, e requer Puxe as alças em direção ao rosto e depois solte novamente."
Você pode explicar como fazer um Face pull?,Três alternativas para Face pull são nan.
Qual é a forma correta para Face pull?,"Rear Delt Fly, Band Pull Apart. Este exercício é considerado de nível Intermediário, e requer Puxe as alças em direção ao rosto e depois solte novamente."
Quais músculos o Face pull trabalha?,"Músculo principal: Parte Superior das Costas, músculos secundários: Máquina de Cabos."
Quais músculos são trabalhados por um Face pull?,"Músculo principal: Parte Superior das Costas, músculos secundários: Máquina de Cabos."
Quais são algumas alternativas para Face pull?,Três alternativas para Face pull são nan.
Alternativas para Face pull,Três alternativas para Face pull são nan.
Alternativas para substituir Face pull,Três alternativas para Face pull são nan.
Como faço para executar um Elevacao lateral?,"Levante os pesos para os lados até a altura dos ombros e depois abaixe novamente.. Este exercício é considerado de nível Intermediário, e requer Halteres"
Como faço para fazer um Elevacao lateral?,"Levante os pesos para os lados até a altura dos ombros e depois abaixe novamente.. Este exercício é considerado de nível Intermediário, e requer Halteres"
Você pode explicar como fazer um Elevacao lateral?,"Três alternativas para Elevacao lateral são Shrugs, Lateral Raise."
Qual é a forma correta para Elevacao lateral?,"Levante os pesos para os lados até a altura dos ombros e depois abaixe novamente.. Este exercício é considerado de nível Intermediário, e requer Halteres"
Quais músculos o Elevacao lateral trabalha?,"Músculo principal: Ombros, músculos secundários: Trapezios."
Quais músculos são trabalhados por um Elevacao lateral?,"Músculo principal: Ombros, músculos secundários: Trapezios."
Quais são algumas alternativas para Elevacao lateral?,"Três alternativas para Elevacao lateral são Shrugs, Lateral Raise."
Alternativas para Elevacao lateral,"Três alternativas para Elevacao lateral são Shrugs, Lateral Raise."
Alternativas para substituir Elevacao lateral,"Três alternativas para Elevacao lateral são Shrugs, Lateral Raise."
Como faço para executar um Extensao de triceps?,"Estenda os braços acima da cabeça e depois abaixe novamente.. Este exercício é considerado de nível Iniciante, e requer Halteres, Barra"
Como faço para fazer um Extensao de triceps?,"Estenda os braços acima da cabeça e depois abaixe novamente.. Este exercício é considerado de nível Iniciante, e requer Halteres, Barra"
Você pode explicar como fazer um Extensao de triceps?,"Três alternativas para Extensao de triceps são Skull Crushers, Tricep Pushdown."
Qual é a forma correta para Extensao de triceps?,"Estenda os braços acima da cabeça e depois abaixe novamente.. Este exercício é considerado de nível Iniciante, e requer Halteres, Barra"
Quais músculos o Extensao de triceps trabalha?,"Músculo principal: Tríceps, músculos secundários: Nenhum."
Quais músculos são trabalhados por um Extensao de triceps?,"Músculo principal: Tríceps, músculos secundários: Nenhum."
Quais são algumas alternativas para Extensao de triceps?,"Três alternativas para Extensao de triceps são Skull Crushers, Tricep Pushdown."
Alternativas para Extensao de triceps,"Três alternativas para Extensao de triceps são Skull Crushers, Tricep Pushdown."
Alternativas para substituir Extensao de triceps,"Três alternativas para Extensao de triceps são Skull Crushers, Tricep Pushdown."
Como faço para executar um Triceps Testa?,"Abaixe o peso em direção à testa e depois levante novamente.. Este exercício é considerado de nível Intermediário, e requer Barra, Halteres"
Como faço para fazer um Triceps Testa?,"Deitado de barriga pra cima, abaixe o peso em direção à testa e depois levante novamente.. Este exercício é considerado de nível Intermediário, e requer Barra, Halteres"
Você pode explicar como fazer um Triceps Testa?,"Três alternativas para Triceps Testa são Tricep Extension, Tricep Pushdown."
Qual é a forma correta para Triceps Testa?,"Abaixe o peso em direção à testa e depois levante novamente.. Este exercício é considerado de nível Intermediário, e requer Barra, Halteres"
Quais músculos o Triceps Testa trabalha?,"Músculo principal: Tríceps, músculos secundários: Nenhum."
Quais músculos são trabalhados por um Triceps Testa?,"Músculo principal: Tríceps, músculos secundários: Nenhum."
Quais são algumas alternativas para Triceps Testa?,"Três alternativas para Triceps Testa são Tricep Extension, Tricep Pushdown."
Alternativas para Triceps Testa,"Três alternativas para Triceps Testa são Tricep Extension, Tricep Pushdown."
Alternativas para substituir Triceps Testa,"Três alternativas para Triceps Testa são Tricep Extension, Tricep Pushdown."
Como faço para executar um Triceps na polia?,"Puxe a alça para baixo até os quadris e depois solte novamente.. Este exercício é considerado de nível Iniciante, e requer Máquina de Cabos"
Como faço para fazer um Triceps na polia?,"Puxe a alça para baixo até os quadris e depois solte novamente.. Este exercício é considerado de nível Iniciante, e requer Máquina de Cabos"
Você pode explicar como fazer um Triceps na polia?,"Três alternativas para Triceps na polia são Tricep Extension, Skull Crushers."
Qual é a forma correta para Triceps na polia?,"Puxe a alça para baixo até os quadris e depois solte novamente.. Este exercício é considerado de nível Iniciante, e requer Máquina de Cabos"
Quais músculos o Triceps na polia trabalha?,"Músculo principal: Tríceps, músculos secundários: Nenhum."
Quais músculos são trabalhados por um Triceps na polia?,"Músculo principal: Tríceps, músculos secundários: Nenhum."
Quais são algumas alternativas para Triceps na polia?,"Três alternativas para Triceps na polia são Tricep Extension, Skull Crushers."
Alternativas para Triceps na polia,"Três alternativas para Triceps na polia são Tricep Extension, Skull Crushers."
Alternativas para substituir Triceps na polia,"Três alternativas para Triceps na polia são Tricep Extension, Skull Crushers."
Como faço para executar um Triceps na polia?,"Puxe a alça para baixo até os quadris e depois solte novamente.. Este exercício é considerado de nível Iniciante, e requer Máquina de Cabos"
Como faço para fazer um Triceps na polia?,"Puxe a alça para baixo até os quadris e depois solte novamente.. Este exercício é considerado de nível Iniciante, e requer Máquina de Cabos"
Você pode explicar como fazer um Triceps na polia?,"Três alternativas para Triceps na polia são Tricep Extension, Skull Crushers."
Qual é a forma correta para Triceps na polia?,"Puxe a alça para baixo até os quadris e depois solte novamente.. Este exercício é considerado de nível Iniciante, e requer Máquina de Cabos"
Quais músculos o Triceps na polia trabalha?,"Músculo principal: Tríceps, músculos secundários: Nenhum."
Quais músculos são trabalhados por um Triceps na polia?,"Músculo principal: Tríceps, músculos secundários: Nenhum."
Quais são algumas alternativas para Triceps na polia?,"Três alternativas para Triceps na polia são Tricep Extension, Skull Crushers."
Alternativas para Triceps na polia,"Três alternativas para Triceps na polia são Tricep Extension, Skull Crushers."
Alternativas para substituir Triceps na polia,"Três alternativas para Triceps na polia são Tricep Extension, Skull Crushers."
